{"test/nll":0.6202042698860168,"learning_rate":1.282051282051283e-05,"num_sequences":8,"_runtime":79.222065833,"time/infrequent_evals":0.0006558895111083984,"time/get_batch":0.00465083122253418,"num_loss_tokens":132,"epoch":2,"time/step":1.2446599006652832,"train_mean_nll":0.078340083360672,"time/save_checkpoint":2.9967100620269775,"progress":0.9743589743589743,"_wandb":{"runtime":79},"time/total":1.2507410049438477,"_timestamp":1.761154082297112e+09,"num_tokens":237,"_step":38,"time/evals":1.0210182666778564}